0,0 3 ,# StmtLoop ,REDUCE,StmtLoop->$
1,0 3 5 ,# StmtLoop int ,SHIFT
2,0 3 5 7 ,# StmtLoop int id ,SHIFT
3,0 3 5 7 11 ,# StmtLoop int id FunctionBegin ,REDUCE,FunctionBegin->$
4,0 3 5 7 11 15 ,# StmtLoop int id FunctionBegin ( ,SHIFT
5,0 3 5 7 11 15 20 ,# StmtLoop int id FunctionBegin ( ParamLoop ,REDUCE,ParamLoop->$
6,0 3 5 7 11 15 20 23 ,# StmtLoop int id FunctionBegin ( ParamLoop int ,SHIFT
7,0 3 5 7 11 15 20 23 27 ,# StmtLoop int id FunctionBegin ( ParamLoop int id ,SHIFT
8,0 3 5 7 11 15 20 22 ,# StmtLoop int id FunctionBegin ( ParamLoop Param ,REDUCE,Param->int id
9,0 3 5 7 11 15 18 ,# StmtLoop int id FunctionBegin ( FormalParamList ,REDUCE,FormalParamList->ParamLoop Param
10,0 3 5 7 11 15 17 ,# StmtLoop int id FunctionBegin ( FormalParam ,REDUCE,FormalParam->FormalParamList
11,0 3 5 7 11 15 17 21 ,# StmtLoop int id FunctionBegin ( FormalParam ) ,SHIFT
12,0 3 5 7 11 15 17 21 25 ,# StmtLoop int id FunctionBegin ( FormalParam ) SB_M ,REDUCE,SB_M->$
13,0 3 5 7 11 15 17 21 25 29 ,# StmtLoop int id FunctionBegin ( FormalParam ) SB_M { ,SHIFT
14,0 3 5 7 11 15 17 21 25 29 32 ,# StmtLoop int id FunctionBegin ( FormalParam ) SB_M { int ,SHIFT
15,0 3 5 7 11 15 17 21 25 29 32 36 ,# StmtLoop int id FunctionBegin ( FormalParam ) SB_M { int id ,SHIFT
16,0 3 5 7 11 15 17 21 25 29 31 ,# StmtLoop int id FunctionBegin ( FormalParam ) SB_M { InternalVariableStmt ,REDUCE,InternalVariableStmt->int id
17,0 3 5 7 11 15 17 21 25 29 31 35 ,# StmtLoop int id FunctionBegin ( FormalParam ) SB_M { InternalVariableStmt ; ,SHIFT
18,0 3 5 7 11 15 17 21 25 29 31 35 47 ,# StmtLoop int id FunctionBegin ( FormalParam ) SB_M { InternalVariableStmt ; InternalStmt ,REDUCE,InternalStmt->$
19,0 3 5 7 11 15 17 21 25 29 30 ,# StmtLoop int id FunctionBegin ( FormalParam ) SB_M { InternalStmt ,REDUCE,InternalStmt->InternalVariableStmt ; InternalStmt
20,0 3 5 7 11 15 17 21 25 29 30 34 ,# StmtLoop int id FunctionBegin ( FormalParam ) SB_M { InternalStmt SentenceLoop ,REDUCE,SentenceLoop->$
21,0 3 5 7 11 15 17 21 25 29 30 34 46 ,# StmtLoop int id FunctionBegin ( FormalParam ) SB_M { InternalStmt SentenceLoop if ,SHIFT
22,0 3 5 7 11 15 17 21 25 29 30 34 46 53 ,# StmtLoop int id FunctionBegin ( FormalParam ) SB_M { InternalStmt SentenceLoop if ( ,SHIFT
23,0 3 5 7 11 15 17 21 25 29 30 34 46 53 60 ,# StmtLoop int id FunctionBegin ( FormalParam ) SB_M { InternalStmt SentenceLoop if ( AddExpressionLoop ,REDUCE,AddExpressionLoop->$
24,0 3 5 7 11 15 17 21 25 29 30 34 46 53 60 74 ,# StmtLoop int id FunctionBegin ( FormalParam ) SB_M { InternalStmt SentenceLoop if ( AddExpressionLoop ItemLoop ,REDUCE,ItemLoop->$
25,0 3 5 7 11 15 17 21 25 29 30 34 46 53 60 74 85 ,# StmtLoop int id FunctionBegin ( FormalParam ) SB_M { InternalStmt SentenceLoop if ( AddExpressionLoop ItemLoop FactorLoop ,REDUCE,FactorLoop->$
26,0 3 5 7 11 15 17 21 25 29 30 34 46 53 60 74 85 98 ,# StmtLoop int id FunctionBegin ( FormalParam ) SB_M { InternalStmt SentenceLoop if ( AddExpressionLoop ItemLoop FactorLoop id ,SHIFT
27,0 3 5 7 11 15 17 21 25 29 30 34 46 53 60 74 85 98 108 ,# StmtLoop int id FunctionBegin ( FormalParam ) SB_M { InternalStmt SentenceLoop if ( AddExpressionLoop ItemLoop FactorLoop id FTYPE ,REDUCE,FTYPE->$
28,0 3 5 7 11 15 17 21 25 29 30 34 46 53 60 74 85 95 ,# StmtLoop int id FunctionBegin ( FormalParam ) SB_M { InternalStmt SentenceLoop if ( AddExpressionLoop ItemLoop FactorLoop Factor ,REDUCE,Factor->id FTYPE
29,0 3 5 7 11 15 17 21 25 29 30 34 46 53 60 74 84 ,# StmtLoop int id FunctionBegin ( FormalParam ) SB_M { InternalStmt SentenceLoop if ( AddExpressionLoop ItemLoop Item ,REDUCE,Item->FactorLoop Factor
30,0 3 5 7 11 15 17 21 25 29 30 34 46 53 60 73 ,# StmtLoop int id FunctionBegin ( FormalParam ) SB_M { InternalStmt SentenceLoop if ( AddExpressionLoop AddExpression ,REDUCE,AddExpression->ItemLoop Item
31,0 3 5 7 11 15 17 21 25 29 30 34 46 53 60 73 66 ,# StmtLoop int id FunctionBegin ( FormalParam ) SB_M { InternalStmt SentenceLoop if ( AddExpressionLoop AddExpression <= ,SHIFT
32,0 3 5 7 11 15 17 21 25 29 30 34 46 53 60 73 62 ,# StmtLoop int id FunctionBegin ( FormalParam ) SB_M { InternalStmt SentenceLoop if ( AddExpressionLoop AddExpression Relop ,REDUCE,Relop-><=
33,0 3 5 7 11 15 17 21 25 29 30 34 46 53 60 ,# StmtLoop int id FunctionBegin ( FormalParam ) SB_M { InternalStmt SentenceLoop if ( AddExpressionLoop ,REDUCE,AddExpressionLoop->AddExpressionLoop AddExpression Relop
34,0 3 5 7 11 15 17 21 25 29 30 34 46 53 60 74 ,# StmtLoop int id FunctionBegin ( FormalParam ) SB_M { InternalStmt SentenceLoop if ( AddExpressionLoop ItemLoop ,REDUCE,ItemLoop->$
35,0 3 5 7 11 15 17 21 25 29 30 34 46 53 60 74 85 ,# StmtLoop int id FunctionBegin ( FormalParam ) SB_M { InternalStmt SentenceLoop if ( AddExpressionLoop ItemLoop FactorLoop ,REDUCE,FactorLoop->$
36,0 3 5 7 11 15 17 21 25 29 30 34 46 53 60 74 85 99 ,# StmtLoop int id FunctionBegin ( FormalParam ) SB_M { InternalStmt SentenceLoop if ( AddExpressionLoop ItemLoop FactorLoop const_int ,SHIFT
37,0 3 5 7 11 15 17 21 25 29 30 34 46 53 60 74 85 96 ,# StmtLoop int id FunctionBegin ( FormalParam ) SB_M { InternalStmt SentenceLoop if ( AddExpressionLoop ItemLoop FactorLoop ConstValue ,REDUCE,ConstValue->const_int
38,0 3 5 7 11 15 17 21 25 29 30 34 46 53 60 74 85 95 ,# StmtLoop int id FunctionBegin ( FormalParam ) SB_M { InternalStmt SentenceLoop if ( AddExpressionLoop ItemLoop FactorLoop Factor ,REDUCE,Factor->ConstValue
39,0 3 5 7 11 15 17 21 25 29 30 34 46 53 60 74 84 ,# StmtLoop int id FunctionBegin ( FormalParam ) SB_M { InternalStmt SentenceLoop if ( AddExpressionLoop ItemLoop Item ,REDUCE,Item->FactorLoop Factor
40,0 3 5 7 11 15 17 21 25 29 30 34 46 53 60 73 ,# StmtLoop int id FunctionBegin ( FormalParam ) SB_M { InternalStmt SentenceLoop if ( AddExpressionLoop AddExpression ,REDUCE,AddExpression->ItemLoop Item
41,0 3 5 7 11 15 17 21 25 29 30 34 46 53 59 ,# StmtLoop int id FunctionBegin ( FormalParam ) SB_M { InternalStmt SentenceLoop if ( Expression ,REDUCE,Expression->AddExpressionLoop AddExpression
42,0 3 5 7 11 15 17 21 25 29 30 34 46 53 59 72 ,# StmtLoop int id FunctionBegin ( FormalParam ) SB_M { InternalStmt SentenceLoop if ( Expression ) ,SHIFT
43,0 3 5 7 11 15 17 21 25 29 30 34 46 53 59 72 83 ,# StmtLoop int id FunctionBegin ( FormalParam ) SB_M { InternalStmt SentenceLoop if ( Expression ) If_M1 ,REDUCE,If_M1->$
44,0 3 5 7 11 15 17 21 25 29 30 34 46 53 59 72 83 93 ,# StmtLoop int id FunctionBegin ( FormalParam ) SB_M { InternalStmt SentenceLoop if ( Expression ) If_M1 SB_M ,REDUCE,SB_M->$
45,0 3 5 7 11 15 17 21 25 29 30 34 46 53 59 72 83 93 104 ,# StmtLoop int id FunctionBegin ( FormalParam ) SB_M { InternalStmt SentenceLoop if ( Expression ) If_M1 SB_M { ,SHIFT
46,0 3 5 7 11 15 17 21 25 29 30 34 46 53 59 72 83 93 104 114 ,# StmtLoop int id FunctionBegin ( FormalParam ) SB_M { InternalStmt SentenceLoop if ( Expression ) If_M1 SB_M { InternalStmt ,REDUCE,InternalStmt->$
47,0 3 5 7 11 15 17 21 25 29 30 34 46 53 59 72 83 93 104 114 34 ,# StmtLoop int id FunctionBegin ( FormalParam ) SB_M { InternalStmt SentenceLoop if ( Expression ) If_M1 SB_M { InternalStmt SentenceLoop ,REDUCE,SentenceLoop->$
48,0 3 5 7 11 15 17 21 25 29 30 34 46 53 59 72 83 93 104 114 34 43 ,# StmtLoop int id FunctionBegin ( FormalParam ) SB_M { InternalStmt SentenceLoop if ( Expression ) If_M1 SB_M { InternalStmt SentenceLoop id ,SHIFT
49,0 3 5 7 11 15 17 21 25 29 30 34 46 53 59 72 83 93 104 114 34 43 48 ,# StmtLoop int id FunctionBegin ( FormalParam ) SB_M { InternalStmt SentenceLoop if ( Expression ) If_M1 SB_M { InternalStmt SentenceLoop id = ,SHIFT
50,0 3 5 7 11 15 17 21 25 29 30 34 46 53 59 72 83 93 104 114 34 43 48 51 ,# StmtLoop int id FunctionBegin ( FormalParam ) SB_M { InternalStmt SentenceLoop if ( Expression ) If_M1 SB_M { InternalStmt SentenceLoop id = AddExpressionLoop ,REDUCE,AddExpressionLoop->$
51,0 3 5 7 11 15 17 21 25 29 30 34 46 53 59 72 83 93 104 114 34 43 48 51 57 ,# StmtLoop int id FunctionBegin ( FormalParam ) SB_M { InternalStmt SentenceLoop if ( Expression ) If_M1 SB_M { InternalStmt SentenceLoop id = AddExpressionLoop ItemLoop ,REDUCE,ItemLoop->$
52,0 3 5 7 11 15 17 21 25 29 30 34 46 53 59 72 83 93 104 114 34 43 48 51 57 70 ,# StmtLoop int id FunctionBegin ( FormalParam ) SB_M { InternalStmt SentenceLoop if ( Expression ) If_M1 SB_M { InternalStmt SentenceLoop id = AddExpressionLoop ItemLoop FactorLoop ,REDUCE,FactorLoop->$
53,0 3 5 7 11 15 17 21 25 29 30 34 46 53 59 72 83 93 104 114 34 43 48 51 57 70 81 ,# StmtLoop int id FunctionBegin ( FormalParam ) SB_M { InternalStmt SentenceLoop if ( Expression ) If_M1 SB_M { InternalStmt SentenceLoop id = AddExpressionLoop ItemLoop FactorLoop const_int ,SHIFT
54,0 3 5 7 11 15 17 21 25 29 30 34 46 53 59 72 83 93 104 114 34 43 48 51 57 70 78 ,# StmtLoop int id FunctionBegin ( FormalParam ) SB_M { InternalStmt SentenceLoop if ( Expression ) If_M1 SB_M { InternalStmt SentenceLoop id = AddExpressionLoop ItemLoop FactorLoop ConstValue ,REDUCE,ConstValue->const_int
55,0 3 5 7 11 15 17 21 25 29 30 34 46 53 59 72 83 93 104 114 34 43 48 51 57 70 77 ,# StmtLoop int id FunctionBegin ( FormalParam ) SB_M { InternalStmt SentenceLoop if ( Expression ) If_M1 SB_M { InternalStmt SentenceLoop id = AddExpressionLoop ItemLoop FactorLoop Factor ,REDUCE,Factor->ConstValue
56,0 3 5 7 11 15 17 21 25 29 30 34 46 53 59 72 83 93 104 114 34 43 48 51 57 69 ,# StmtLoop int id FunctionBegin ( FormalParam ) SB_M { InternalStmt SentenceLoop if ( Expression ) If_M1 SB_M { InternalStmt SentenceLoop id = AddExpressionLoop ItemLoop Item ,REDUCE,Item->FactorLoop Factor
57,0 3 5 7 11 15 17 21 25 29 30 34 46 53 59 72 83 93 104 114 34 43 48 51 56 ,# StmtLoop int id FunctionBegin ( FormalParam ) SB_M { InternalStmt SentenceLoop if ( Expression ) If_M1 SB_M { InternalStmt SentenceLoop id = AddExpressionLoop AddExpression ,REDUCE,AddExpression->ItemLoop Item
58,0 3 5 7 11 15 17 21 25 29 30 34 46 53 59 72 83 93 104 114 34 43 48 54 ,# StmtLoop int id FunctionBegin ( FormalParam ) SB_M { InternalStmt SentenceLoop if ( Expression ) If_M1 SB_M { InternalStmt SentenceLoop id = Expression ,REDUCE,Expression->AddExpressionLoop AddExpression
59,0 3 5 7 11 15 17 21 25 29 30 34 46 53 59 72 83 93 104 114 34 43 48 54 61 ,# StmtLoop int id FunctionBegin ( FormalParam ) SB_M { InternalStmt SentenceLoop if ( Expression ) If_M1 SB_M { InternalStmt SentenceLoop id = Expression ; ,SHIFT
60,0 3 5 7 11 15 17 21 25 29 30 34 46 53 59 72 83 93 104 114 34 42 ,# StmtLoop int id FunctionBegin ( FormalParam ) SB_M { InternalStmt SentenceLoop if ( Expression ) If_M1 SB_M { InternalStmt SentenceLoop AssignSentence ,REDUCE,AssignSentence->id = Expression ;
61,0 3 5 7 11 15 17 21 25 29 30 34 46 53 59 72 83 93 104 114 34 38 ,# StmtLoop int id FunctionBegin ( FormalParam ) SB_M { InternalStmt SentenceLoop if ( Expression ) If_M1 SB_M { InternalStmt SentenceLoop Sentence ,REDUCE,Sentence->AssignSentence
62,0 3 5 7 11 15 17 21 25 29 30 34 46 53 59 72 83 93 104 114 122 ,# StmtLoop int id FunctionBegin ( FormalParam ) SB_M { InternalStmt SentenceLoop if ( Expression ) If_M1 SB_M { InternalStmt SentenceString ,REDUCE,SentenceString->SentenceLoop Sentence
63,0 3 5 7 11 15 17 21 25 29 30 34 46 53 59 72 83 93 104 114 122 129 ,# StmtLoop int id FunctionBegin ( FormalParam ) SB_M { InternalStmt SentenceLoop if ( Expression ) If_M1 SB_M { InternalStmt SentenceString } ,SHIFT
64,0 3 5 7 11 15 17 21 25 29 30 34 46 53 59 72 83 94 ,# StmtLoop int id FunctionBegin ( FormalParam ) SB_M { InternalStmt SentenceLoop if ( Expression ) If_M1 SentenceBlock ,REDUCE,SentenceBlock->SB_M { InternalStmt SentenceString }
65,0 3 5 7 11 15 17 21 25 29 30 34 46 53 59 72 83 94 106 ,# StmtLoop int id FunctionBegin ( FormalParam ) SB_M { InternalStmt SentenceLoop if ( Expression ) If_M1 SentenceBlock If_N ,REDUCE,If_N->$
66,0 3 5 7 11 15 17 21 25 29 30 34 46 53 59 72 83 94 106 115 ,# StmtLoop int id FunctionBegin ( FormalParam ) SB_M { InternalStmt SentenceLoop if ( Expression ) If_M1 SentenceBlock If_N else ,SHIFT
67,0 3 5 7 11 15 17 21 25 29 30 34 46 53 59 72 83 94 106 115 123 ,# StmtLoop int id FunctionBegin ( FormalParam ) SB_M { InternalStmt SentenceLoop if ( Expression ) If_M1 SentenceBlock If_N else If_M2 ,REDUCE,If_M2->$
68,0 3 5 7 11 15 17 21 25 29 30 34 46 53 59 72 83 94 106 115 123 102 ,# StmtLoop int id FunctionBegin ( FormalParam ) SB_M { InternalStmt SentenceLoop if ( Expression ) If_M1 SentenceBlock If_N else If_M2 SB_M ,REDUCE,SB_M->$
69,0 3 5 7 11 15 17 21 25 29 30 34 46 53 59 72 83 94 106 115 123 102 113 ,# StmtLoop int id FunctionBegin ( FormalParam ) SB_M { InternalStmt SentenceLoop if ( Expression ) If_M1 SentenceBlock If_N else If_M2 SB_M { ,SHIFT
70,0 3 5 7 11 15 17 21 25 29 30 34 46 53 59 72 83 94 106 115 123 102 113 121 ,# StmtLoop int id FunctionBegin ( FormalParam ) SB_M { InternalStmt SentenceLoop if ( Expression ) If_M1 SentenceBlock If_N else If_M2 SB_M { InternalStmt ,REDUCE,InternalStmt->$
71,0 3 5 7 11 15 17 21 25 29 30 34 46 53 59 72 83 94 106 115 123 102 113 121 34 ,# StmtLoop int id FunctionBegin ( FormalParam ) SB_M { InternalStmt SentenceLoop if ( Expression ) If_M1 SentenceBlock If_N else If_M2 SB_M { InternalStmt SentenceLoop ,REDUCE,SentenceLoop->$
72,0 3 5 7 11 15 17 21 25 29 30 34 46 53 59 72 83 94 106 115 123 102 113 121 34 43 ,# StmtLoop int id FunctionBegin ( FormalParam ) SB_M { InternalStmt SentenceLoop if ( Expression ) If_M1 SentenceBlock If_N else If_M2 SB_M { InternalStmt SentenceLoop id ,SHIFT
73,0 3 5 7 11 15 17 21 25 29 30 34 46 53 59 72 83 94 106 115 123 102 113 121 34 43 48 ,# StmtLoop int id FunctionBegin ( FormalParam ) SB_M { InternalStmt SentenceLoop if ( Expression ) If_M1 SentenceBlock If_N else If_M2 SB_M { InternalStmt SentenceLoop id = ,SHIFT
74,0 3 5 7 11 15 17 21 25 29 30 34 46 53 59 72 83 94 106 115 123 102 113 121 34 43 48 51 ,# StmtLoop int id FunctionBegin ( FormalParam ) SB_M { InternalStmt SentenceLoop if ( Expression ) If_M1 SentenceBlock If_N else If_M2 SB_M { InternalStmt SentenceLoop id = AddExpressionLoop ,REDUCE,AddExpressionLoop->$
75,0 3 5 7 11 15 17 21 25 29 30 34 46 53 59 72 83 94 106 115 123 102 113 121 34 43 48 51 57 ,# StmtLoop int id FunctionBegin ( FormalParam ) SB_M { InternalStmt SentenceLoop if ( Expression ) If_M1 SentenceBlock If_N else If_M2 SB_M { InternalStmt SentenceLoop id = AddExpressionLoop ItemLoop ,REDUCE,ItemLoop->$
76,0 3 5 7 11 15 17 21 25 29 30 34 46 53 59 72 83 94 106 115 123 102 113 121 34 43 48 51 57 70 ,# StmtLoop int id FunctionBegin ( FormalParam ) SB_M { InternalStmt SentenceLoop if ( Expression ) If_M1 SentenceBlock If_N else If_M2 SB_M { InternalStmt SentenceLoop id = AddExpressionLoop ItemLoop FactorLoop ,REDUCE,FactorLoop->$
77,0 3 5 7 11 15 17 21 25 29 30 34 46 53 59 72 83 94 106 115 123 102 113 121 34 43 48 51 57 70 80 ,# StmtLoop int id FunctionBegin ( FormalParam ) SB_M { InternalStmt SentenceLoop if ( Expression ) If_M1 SentenceBlock If_N else If_M2 SB_M { InternalStmt SentenceLoop id = AddExpressionLoop ItemLoop FactorLoop id ,SHIFT
78,0 3 5 7 11 15 17 21 25 29 30 34 46 53 59 72 83 94 106 115 123 102 113 121 34 43 48 51 57 70 80 91 ,# StmtLoop int id FunctionBegin ( FormalParam ) SB_M { InternalStmt SentenceLoop if ( Expression ) If_M1 SentenceBlock If_N else If_M2 SB_M { InternalStmt SentenceLoop id = AddExpressionLoop ItemLoop FactorLoop id ( ,SHIFT
79,0 3 5 7 11 15 17 21 25 29 30 34 46 53 59 72 83 94 106 115 123 102 113 121 34 43 48 51 57 70 80 91 101 ,# StmtLoop int id FunctionBegin ( FormalParam ) SB_M { InternalStmt SentenceLoop if ( Expression ) If_M1 SentenceBlock If_N else If_M2 SB_M { InternalStmt SentenceLoop id = AddExpressionLoop ItemLoop FactorLoop id ( CallCheck ,REDUCE,CallCheck->$
80,0 3 5 7 11 15 17 21 25 29 30 34 46 53 59 72 83 94 106 115 123 102 113 121 34 43 48 51 57 70 80 91 101 112 ,# StmtLoop int id FunctionBegin ( FormalParam ) SB_M { InternalStmt SentenceLoop if ( Expression ) If_M1 SentenceBlock If_N else If_M2 SB_M { InternalStmt SentenceLoop id = AddExpressionLoop ItemLoop FactorLoop id ( CallCheck ExpressionLoop ,REDUCE,ExpressionLoop->$
81,0 3 5 7 11 15 17 21 25 29 30 34 46 53 59 72 83 94 106 115 123 102 113 121 34 43 48 51 57 70 80 91 101 112 119 ,# StmtLoop int id FunctionBegin ( FormalParam ) SB_M { InternalStmt SentenceLoop if ( Expression ) If_M1 SentenceBlock If_N else If_M2 SB_M { InternalStmt SentenceLoop id = AddExpressionLoop ItemLoop FactorLoop id ( CallCheck ExpressionLoop AddExpressionLoop ,REDUCE,AddExpressionLoop->$
82,0 3 5 7 11 15 17 21 25 29 30 34 46 53 59 72 83 94 106 115 123 102 113 121 34 43 48 51 57 70 80 91 101 112 119 126 ,# StmtLoop int id FunctionBegin ( FormalParam ) SB_M { InternalStmt SentenceLoop if ( Expression ) If_M1 SentenceBlock If_N else If_M2 SB_M { InternalStmt SentenceLoop id = AddExpressionLoop ItemLoop FactorLoop id ( CallCheck ExpressionLoop AddExpressionLoop ItemLoop ,REDUCE,ItemLoop->$
83,0 3 5 7 11 15 17 21 25 29 30 34 46 53 59 72 83 94 106 115 123 102 113 121 34 43 48 51 57 70 80 91 101 112 119 126 133 ,# StmtLoop int id FunctionBegin ( FormalParam ) SB_M { InternalStmt SentenceLoop if ( Expression ) If_M1 SentenceBlock If_N else If_M2 SB_M { InternalStmt SentenceLoop id = AddExpressionLoop ItemLoop FactorLoop id ( CallCheck ExpressionLoop AddExpressionLoop ItemLoop FactorLoop ,REDUCE,FactorLoop->$
84,0 3 5 7 11 15 17 21 25 29 30 34 46 53 59 72 83 94 106 115 123 102 113 121 34 43 48 51 57 70 80 91 101 112 119 126 133 138 ,# StmtLoop int id FunctionBegin ( FormalParam ) SB_M { InternalStmt SentenceLoop if ( Expression ) If_M1 SentenceBlock If_N else If_M2 SB_M { InternalStmt SentenceLoop id = AddExpressionLoop ItemLoop FactorLoop id ( CallCheck ExpressionLoop AddExpressionLoop ItemLoop FactorLoop id ,SHIFT
85,0 3 5 7 11 15 17 21 25 29 30 34 46 53 59 72 83 94 106 115 123 102 113 121 34 43 48 51 57 70 80 91 101 112 119 126 133 138 141 ,# StmtLoop int id FunctionBegin ( FormalParam ) SB_M { InternalStmt SentenceLoop if ( Expression ) If_M1 SentenceBlock If_N else If_M2 SB_M { InternalStmt SentenceLoop id = AddExpressionLoop ItemLoop FactorLoop id ( CallCheck ExpressionLoop AddExpressionLoop ItemLoop FactorLoop id FTYPE ,REDUCE,FTYPE->$
86,0 3 5 7 11 15 17 21 25 29 30 34 46 53 59 72 83 94 106 115 123 102 113 121 34 43 48 51 57 70 80 91 101 112 119 126 133 135 ,# StmtLoop int id FunctionBegin ( FormalParam ) SB_M { InternalStmt SentenceLoop if ( Expression ) If_M1 SentenceBlock If_N else If_M2 SB_M { InternalStmt SentenceLoop id = AddExpressionLoop ItemLoop FactorLoop id ( CallCheck ExpressionLoop AddExpressionLoop ItemLoop FactorLoop Factor ,REDUCE,Factor->id FTYPE
87,0 3 5 7 11 15 17 21 25 29 30 34 46 53 59 72 83 94 106 115 123 102 113 121 34 43 48 51 57 70 80 91 101 112 119 126 132 ,# StmtLoop int id FunctionBegin ( FormalParam ) SB_M { InternalStmt SentenceLoop if ( Expression ) If_M1 SentenceBlock If_N else If_M2 SB_M { InternalStmt SentenceLoop id = AddExpressionLoop ItemLoop FactorLoop id ( CallCheck ExpressionLoop AddExpressionLoop ItemLoop Item ,REDUCE,Item->FactorLoop Factor
88,0 3 5 7 11 15 17 21 25 29 30 34 46 53 59 72 83 94 106 115 123 102 113 121 34 43 48 51 57 70 80 91 101 112 119 126 132 76 ,# StmtLoop int id FunctionBegin ( FormalParam ) SB_M { InternalStmt SentenceLoop if ( Expression ) If_M1 SentenceBlock If_N else If_M2 SB_M { InternalStmt SentenceLoop id = AddExpressionLoop ItemLoop FactorLoop id ( CallCheck ExpressionLoop AddExpressionLoop ItemLoop Item - ,SHIFT
89,0 3 5 7 11 15 17 21 25 29 30 34 46 53 59 72 83 94 106 115 123 102 113 121 34 43 48 51 57 70 80 91 101 112 119 126 ,# StmtLoop int id FunctionBegin ( FormalParam ) SB_M { InternalStmt SentenceLoop if ( Expression ) If_M1 SentenceBlock If_N else If_M2 SB_M { InternalStmt SentenceLoop id = AddExpressionLoop ItemLoop FactorLoop id ( CallCheck ExpressionLoop AddExpressionLoop ItemLoop ,REDUCE,ItemLoop->ItemLoop Item -
90,0 3 5 7 11 15 17 21 25 29 30 34 46 53 59 72 83 94 106 115 123 102 113 121 34 43 48 51 57 70 80 91 101 112 119 126 133 ,# StmtLoop int id FunctionBegin ( FormalParam ) SB_M { InternalStmt SentenceLoop if ( Expression ) If_M1 SentenceBlock If_N else If_M2 SB_M { InternalStmt SentenceLoop id = AddExpressionLoop ItemLoop FactorLoop id ( CallCheck ExpressionLoop AddExpressionLoop ItemLoop FactorLoop ,REDUCE,FactorLoop->$
91,0 3 5 7 11 15 17 21 25 29 30 34 46 53 59 72 83 94 106 115 123 102 113 121 34 43 48 51 57 70 80 91 101 112 119 126 133 139 ,# StmtLoop int id FunctionBegin ( FormalParam ) SB_M { InternalStmt SentenceLoop if ( Expression ) If_M1 SentenceBlock If_N else If_M2 SB_M { InternalStmt SentenceLoop id = AddExpressionLoop ItemLoop FactorLoop id ( CallCheck ExpressionLoop AddExpressionLoop ItemLoop FactorLoop const_int ,SHIFT
92,0 3 5 7 11 15 17 21 25 29 30 34 46 53 59 72 83 94 106 115 123 102 113 121 34 43 48 51 57 70 80 91 101 112 119 126 133 136 ,# StmtLoop int id FunctionBegin ( FormalParam ) SB_M { InternalStmt SentenceLoop if ( Expression ) If_M1 SentenceBlock If_N else If_M2 SB_M { InternalStmt SentenceLoop id = AddExpressionLoop ItemLoop FactorLoop id ( CallCheck ExpressionLoop AddExpressionLoop ItemLoop FactorLoop ConstValue ,REDUCE,ConstValue->const_int
93,0 3 5 7 11 15 17 21 25 29 30 34 46 53 59 72 83 94 106 115 123 102 113 121 34 43 48 51 57 70 80 91 101 112 119 126 133 135 ,# StmtLoop int id FunctionBegin ( FormalParam ) SB_M { InternalStmt SentenceLoop if ( Expression ) If_M1 SentenceBlock If_N else If_M2 SB_M { InternalStmt SentenceLoop id = AddExpressionLoop ItemLoop FactorLoop id ( CallCheck ExpressionLoop AddExpressionLoop ItemLoop FactorLoop Factor ,REDUCE,Factor->ConstValue
94,0 3 5 7 11 15 17 21 25 29 30 34 46 53 59 72 83 94 106 115 123 102 113 121 34 43 48 51 57 70 80 91 101 112 119 126 132 ,# StmtLoop int id FunctionBegin ( FormalParam ) SB_M { InternalStmt SentenceLoop if ( Expression ) If_M1 SentenceBlock If_N else If_M2 SB_M { InternalStmt SentenceLoop id = AddExpressionLoop ItemLoop FactorLoop id ( CallCheck ExpressionLoop AddExpressionLoop ItemLoop Item ,REDUCE,Item->FactorLoop Factor
95,0 3 5 7 11 15 17 21 25 29 30 34 46 53 59 72 83 94 106 115 123 102 113 121 34 43 48 51 57 70 80 91 101 112 119 125 ,# StmtLoop int id FunctionBegin ( FormalParam ) SB_M { InternalStmt SentenceLoop if ( Expression ) If_M1 SentenceBlock If_N else If_M2 SB_M { InternalStmt SentenceLoop id = AddExpressionLoop ItemLoop FactorLoop id ( CallCheck ExpressionLoop AddExpressionLoop AddExpression ,REDUCE,AddExpression->ItemLoop Item
96,0 3 5 7 11 15 17 21 25 29 30 34 46 53 59 72 83 94 106 115 123 102 113 121 34 43 48 51 57 70 80 91 101 112 120 ,# StmtLoop int id FunctionBegin ( FormalParam ) SB_M { InternalStmt SentenceLoop if ( Expression ) If_M1 SentenceBlock If_N else If_M2 SB_M { InternalStmt SentenceLoop id = AddExpressionLoop ItemLoop FactorLoop id ( CallCheck ExpressionLoop Expression ,REDUCE,Expression->AddExpressionLoop AddExpression
97,0 3 5 7 11 15 17 21 25 29 30 34 46 53 59 72 83 94 106 115 123 102 113 121 34 43 48 51 57 70 80 91 101 111 ,# StmtLoop int id FunctionBegin ( FormalParam ) SB_M { InternalStmt SentenceLoop if ( Expression ) If_M1 SentenceBlock If_N else If_M2 SB_M { InternalStmt SentenceLoop id = AddExpressionLoop ItemLoop FactorLoop id ( CallCheck ActualParamList ,REDUCE,ActualParamList->ExpressionLoop Expression
98,0 3 5 7 11 15 17 21 25 29 30 34 46 53 59 72 83 94 106 115 123 102 113 121 34 43 48 51 57 70 80 91 101 111 118 ,# StmtLoop int id FunctionBegin ( FormalParam ) SB_M { InternalStmt SentenceLoop if ( Expression ) If_M1 SentenceBlock If_N else If_M2 SB_M { InternalStmt SentenceLoop id = AddExpressionLoop ItemLoop FactorLoop id ( CallCheck ActualParamList ) ,SHIFT
99,0 3 5 7 11 15 17 21 25 29 30 34 46 53 59 72 83 94 106 115 123 102 113 121 34 43 48 51 57 70 80 90 ,# StmtLoop int id FunctionBegin ( FormalParam ) SB_M { InternalStmt SentenceLoop if ( Expression ) If_M1 SentenceBlock If_N else If_M2 SB_M { InternalStmt SentenceLoop id = AddExpressionLoop ItemLoop FactorLoop id CallFunction ,REDUCE,CallFunction->( CallCheck ActualParamList )
100,0 3 5 7 11 15 17 21 25 29 30 34 46 53 59 72 83 94 106 115 123 102 113 121 34 43 48 51 57 70 80 89 ,# StmtLoop int id FunctionBegin ( FormalParam ) SB_M { InternalStmt SentenceLoop if ( Expression ) If_M1 SentenceBlock If_N else If_M2 SB_M { InternalStmt SentenceLoop id = AddExpressionLoop ItemLoop FactorLoop id FTYPE ,REDUCE,FTYPE->CallFunction
101,0 3 5 7 11 15 17 21 25 29 30 34 46 53 59 72 83 94 106 115 123 102 113 121 34 43 48 51 57 70 77 ,# StmtLoop int id FunctionBegin ( FormalParam ) SB_M { InternalStmt SentenceLoop if ( Expression ) If_M1 SentenceBlock If_N else If_M2 SB_M { InternalStmt SentenceLoop id = AddExpressionLoop ItemLoop FactorLoop Factor ,REDUCE,Factor->id FTYPE
102,0 3 5 7 11 15 17 21 25 29 30 34 46 53 59 72 83 94 106 115 123 102 113 121 34 43 48 51 57 70 77 86 ,# StmtLoop int id FunctionBegin ( FormalParam ) SB_M { InternalStmt SentenceLoop if ( Expression ) If_M1 SentenceBlock If_N else If_M2 SB_M { InternalStmt SentenceLoop id = AddExpressionLoop ItemLoop FactorLoop Factor * ,SHIFT
103,0 3 5 7 11 15 17 21 25 29 30 34 46 53 59 72 83 94 106 115 123 102 113 121 34 43 48 51 57 70 ,# StmtLoop int id FunctionBegin ( FormalParam ) SB_M { InternalStmt SentenceLoop if ( Expression ) If_M1 SentenceBlock If_N else If_M2 SB_M { InternalStmt SentenceLoop id = AddExpressionLoop ItemLoop FactorLoop ,REDUCE,FactorLoop->FactorLoop Factor *
104,0 3 5 7 11 15 17 21 25 29 30 34 46 53 59 72 83 94 106 115 123 102 113 121 34 43 48 51 57 70 80 ,# StmtLoop int id FunctionBegin ( FormalParam ) SB_M { InternalStmt SentenceLoop if ( Expression ) If_M1 SentenceBlock If_N else If_M2 SB_M { InternalStmt SentenceLoop id = AddExpressionLoop ItemLoop FactorLoop id ,SHIFT
105,0 3 5 7 11 15 17 21 25 29 30 34 46 53 59 72 83 94 106 115 123 102 113 121 34 43 48 51 57 70 80 89 ,# StmtLoop int id FunctionBegin ( FormalParam ) SB_M { InternalStmt SentenceLoop if ( Expression ) If_M1 SentenceBlock If_N else If_M2 SB_M { InternalStmt SentenceLoop id = AddExpressionLoop ItemLoop FactorLoop id FTYPE ,REDUCE,FTYPE->$
106,0 3 5 7 11 15 17 21 25 29 30 34 46 53 59 72 83 94 106 115 123 102 113 121 34 43 48 51 57 70 77 ,# StmtLoop int id FunctionBegin ( FormalParam ) SB_M { InternalStmt SentenceLoop if ( Expression ) If_M1 SentenceBlock If_N else If_M2 SB_M { InternalStmt SentenceLoop id = AddExpressionLoop ItemLoop FactorLoop Factor ,REDUCE,Factor->id FTYPE
107,0 3 5 7 11 15 17 21 25 29 30 34 46 53 59 72 83 94 106 115 123 102 113 121 34 43 48 51 57 69 ,# StmtLoop int id FunctionBegin ( FormalParam ) SB_M { InternalStmt SentenceLoop if ( Expression ) If_M1 SentenceBlock If_N else If_M2 SB_M { InternalStmt SentenceLoop id = AddExpressionLoop ItemLoop Item ,REDUCE,Item->FactorLoop Factor
108,0 3 5 7 11 15 17 21 25 29 30 34 46 53 59 72 83 94 106 115 123 102 113 121 34 43 48 51 56 ,# StmtLoop int id FunctionBegin ( FormalParam ) SB_M { InternalStmt SentenceLoop if ( Expression ) If_M1 SentenceBlock If_N else If_M2 SB_M { InternalStmt SentenceLoop id = AddExpressionLoop AddExpression ,REDUCE,AddExpression->ItemLoop Item
109,0 3 5 7 11 15 17 21 25 29 30 34 46 53 59 72 83 94 106 115 123 102 113 121 34 43 48 54 ,# StmtLoop int id FunctionBegin ( FormalParam ) SB_M { InternalStmt SentenceLoop if ( Expression ) If_M1 SentenceBlock If_N else If_M2 SB_M { InternalStmt SentenceLoop id = Expression ,REDUCE,Expression->AddExpressionLoop AddExpression
110,0 3 5 7 11 15 17 21 25 29 30 34 46 53 59 72 83 94 106 115 123 102 113 121 34 43 48 54 61 ,# StmtLoop int id FunctionBegin ( FormalParam ) SB_M { InternalStmt SentenceLoop if ( Expression ) If_M1 SentenceBlock If_N else If_M2 SB_M { InternalStmt SentenceLoop id = Expression ; ,SHIFT
111,0 3 5 7 11 15 17 21 25 29 30 34 46 53 59 72 83 94 106 115 123 102 113 121 34 42 ,# StmtLoop int id FunctionBegin ( FormalParam ) SB_M { InternalStmt SentenceLoop if ( Expression ) If_M1 SentenceBlock If_N else If_M2 SB_M { InternalStmt SentenceLoop AssignSentence ,REDUCE,AssignSentence->id = Expression ;
112,0 3 5 7 11 15 17 21 25 29 30 34 46 53 59 72 83 94 106 115 123 102 113 121 34 38 ,# StmtLoop int id FunctionBegin ( FormalParam ) SB_M { InternalStmt SentenceLoop if ( Expression ) If_M1 SentenceBlock If_N else If_M2 SB_M { InternalStmt SentenceLoop Sentence ,REDUCE,Sentence->AssignSentence
113,0 3 5 7 11 15 17 21 25 29 30 34 46 53 59 72 83 94 106 115 123 102 113 121 128 ,# StmtLoop int id FunctionBegin ( FormalParam ) SB_M { InternalStmt SentenceLoop if ( Expression ) If_M1 SentenceBlock If_N else If_M2 SB_M { InternalStmt SentenceString ,REDUCE,SentenceString->SentenceLoop Sentence
114,0 3 5 7 11 15 17 21 25 29 30 34 46 53 59 72 83 94 106 115 123 102 113 121 128 134 ,# StmtLoop int id FunctionBegin ( FormalParam ) SB_M { InternalStmt SentenceLoop if ( Expression ) If_M1 SentenceBlock If_N else If_M2 SB_M { InternalStmt SentenceString } ,SHIFT
115,0 3 5 7 11 15 17 21 25 29 30 34 46 53 59 72 83 94 106 115 123 130 ,# StmtLoop int id FunctionBegin ( FormalParam ) SB_M { InternalStmt SentenceLoop if ( Expression ) If_M1 SentenceBlock If_N else If_M2 SentenceBlock ,REDUCE,SentenceBlock->SB_M { InternalStmt SentenceString }
116,0 3 5 7 11 15 17 21 25 29 30 34 46 53 59 72 83 94 105 ,# StmtLoop int id FunctionBegin ( FormalParam ) SB_M { InternalStmt SentenceLoop if ( Expression ) If_M1 SentenceBlock ElseSentenceBlock ,REDUCE,ElseSentenceBlock->If_N else If_M2 SentenceBlock
117,0 3 5 7 11 15 17 21 25 29 30 34 39 ,# StmtLoop int id FunctionBegin ( FormalParam ) SB_M { InternalStmt SentenceLoop IfSentence ,REDUCE,IfSentence->if ( Expression ) If_M1 SentenceBlock ElseSentenceBlock
118,0 3 5 7 11 15 17 21 25 29 30 34 38 ,# StmtLoop int id FunctionBegin ( FormalParam ) SB_M { InternalStmt SentenceLoop Sentence ,REDUCE,Sentence->IfSentence
119,0 3 5 7 11 15 17 21 25 29 30 34 ,# StmtLoop int id FunctionBegin ( FormalParam ) SB_M { InternalStmt SentenceLoop ,REDUCE,SentenceLoop->SentenceLoop Sentence
120,0 3 5 7 11 15 17 21 25 29 30 34 44 ,# StmtLoop int id FunctionBegin ( FormalParam ) SB_M { InternalStmt SentenceLoop return ,SHIFT
121,0 3 5 7 11 15 17 21 25 29 30 34 44 51 ,# StmtLoop int id FunctionBegin ( FormalParam ) SB_M { InternalStmt SentenceLoop return AddExpressionLoop ,REDUCE,AddExpressionLoop->$
122,0 3 5 7 11 15 17 21 25 29 30 34 44 51 57 ,# StmtLoop int id FunctionBegin ( FormalParam ) SB_M { InternalStmt SentenceLoop return AddExpressionLoop ItemLoop ,REDUCE,ItemLoop->$
123,0 3 5 7 11 15 17 21 25 29 30 34 44 51 57 70 ,# StmtLoop int id FunctionBegin ( FormalParam ) SB_M { InternalStmt SentenceLoop return AddExpressionLoop ItemLoop FactorLoop ,REDUCE,FactorLoop->$
124,0 3 5 7 11 15 17 21 25 29 30 34 44 51 57 70 80 ,# StmtLoop int id FunctionBegin ( FormalParam ) SB_M { InternalStmt SentenceLoop return AddExpressionLoop ItemLoop FactorLoop id ,SHIFT
125,0 3 5 7 11 15 17 21 25 29 30 34 44 51 57 70 80 89 ,# StmtLoop int id FunctionBegin ( FormalParam ) SB_M { InternalStmt SentenceLoop return AddExpressionLoop ItemLoop FactorLoop id FTYPE ,REDUCE,FTYPE->$
126,0 3 5 7 11 15 17 21 25 29 30 34 44 51 57 70 77 ,# StmtLoop int id FunctionBegin ( FormalParam ) SB_M { InternalStmt SentenceLoop return AddExpressionLoop ItemLoop FactorLoop Factor ,REDUCE,Factor->id FTYPE
127,0 3 5 7 11 15 17 21 25 29 30 34 44 51 57 69 ,# StmtLoop int id FunctionBegin ( FormalParam ) SB_M { InternalStmt SentenceLoop return AddExpressionLoop ItemLoop Item ,REDUCE,Item->FactorLoop Factor
128,0 3 5 7 11 15 17 21 25 29 30 34 44 51 56 ,# StmtLoop int id FunctionBegin ( FormalParam ) SB_M { InternalStmt SentenceLoop return AddExpressionLoop AddExpression ,REDUCE,AddExpression->ItemLoop Item
129,0 3 5 7 11 15 17 21 25 29 30 34 44 50 ,# StmtLoop int id FunctionBegin ( FormalParam ) SB_M { InternalStmt SentenceLoop return Expression ,REDUCE,Expression->AddExpressionLoop AddExpression
130,0 3 5 7 11 15 17 21 25 29 30 34 44 49 ,# StmtLoop int id FunctionBegin ( FormalParam ) SB_M { InternalStmt SentenceLoop return ReturnExpression ,REDUCE,ReturnExpression->Expression
131,0 3 5 7 11 15 17 21 25 29 30 34 44 49 55 ,# StmtLoop int id FunctionBegin ( FormalParam ) SB_M { InternalStmt SentenceLoop return ReturnExpression ; ,SHIFT
132,0 3 5 7 11 15 17 21 25 29 30 34 41 ,# StmtLoop int id FunctionBegin ( FormalParam ) SB_M { InternalStmt SentenceLoop ReturnSentence ,REDUCE,ReturnSentence->return ReturnExpression ;
133,0 3 5 7 11 15 17 21 25 29 30 34 38 ,# StmtLoop int id FunctionBegin ( FormalParam ) SB_M { InternalStmt SentenceLoop Sentence ,REDUCE,Sentence->ReturnSentence
134,0 3 5 7 11 15 17 21 25 29 30 33 ,# StmtLoop int id FunctionBegin ( FormalParam ) SB_M { InternalStmt SentenceString ,REDUCE,SentenceString->SentenceLoop Sentence
135,0 3 5 7 11 15 17 21 25 29 30 33 37 ,# StmtLoop int id FunctionBegin ( FormalParam ) SB_M { InternalStmt SentenceString } ,SHIFT
136,0 3 5 7 11 15 17 21 24 ,# StmtLoop int id FunctionBegin ( FormalParam ) SentenceBlock ,REDUCE,SentenceBlock->SB_M { InternalStmt SentenceString }
137,0 3 5 7 11 15 17 21 24 28 ,# StmtLoop int id FunctionBegin ( FormalParam ) SentenceBlock FunctionEnd ,REDUCE,FunctionEnd->$
138,0 3 5 7 11 14 ,# StmtLoop int id FunctionBegin FunctionStmt ,REDUCE,FunctionStmt->( FormalParam ) SentenceBlock FunctionEnd
139,0 3 5 7 9 ,# StmtLoop int id StmtType ,REDUCE,StmtType->FunctionBegin FunctionStmt
140,0 3 4 ,# StmtLoop Stmt ,REDUCE,Stmt->int id StmtType
141,0 3 ,# StmtLoop ,REDUCE,StmtLoop->StmtLoop Stmt
142,0 3 5 ,# StmtLoop int ,SHIFT
143,0 3 5 7 ,# StmtLoop int id ,SHIFT
144,0 3 5 7 11 ,# StmtLoop int id FunctionBegin ,REDUCE,FunctionBegin->$
145,0 3 5 7 11 15 ,# StmtLoop int id FunctionBegin ( ,SHIFT
146,0 3 5 7 11 15 17 ,# StmtLoop int id FunctionBegin ( FormalParam ,REDUCE,FormalParam->$
147,0 3 5 7 11 15 17 21 ,# StmtLoop int id FunctionBegin ( FormalParam ) ,SHIFT
148,0 3 5 7 11 15 17 21 25 ,# StmtLoop int id FunctionBegin ( FormalParam ) SB_M ,REDUCE,SB_M->$
149,0 3 5 7 11 15 17 21 25 29 ,# StmtLoop int id FunctionBegin ( FormalParam ) SB_M { ,SHIFT
150,0 3 5 7 11 15 17 21 25 29 32 ,# StmtLoop int id FunctionBegin ( FormalParam ) SB_M { int ,SHIFT
151,0 3 5 7 11 15 17 21 25 29 32 36 ,# StmtLoop int id FunctionBegin ( FormalParam ) SB_M { int id ,SHIFT
152,0 3 5 7 11 15 17 21 25 29 31 ,# StmtLoop int id FunctionBegin ( FormalParam ) SB_M { InternalVariableStmt ,REDUCE,InternalVariableStmt->int id
153,0 3 5 7 11 15 17 21 25 29 31 35 ,# StmtLoop int id FunctionBegin ( FormalParam ) SB_M { InternalVariableStmt ; ,SHIFT
154,0 3 5 7 11 15 17 21 25 29 31 35 32 ,# StmtLoop int id FunctionBegin ( FormalParam ) SB_M { InternalVariableStmt ; int ,SHIFT
155,0 3 5 7 11 15 17 21 25 29 31 35 32 36 ,# StmtLoop int id FunctionBegin ( FormalParam ) SB_M { InternalVariableStmt ; int id ,SHIFT
156,0 3 5 7 11 15 17 21 25 29 31 35 31 ,# StmtLoop int id FunctionBegin ( FormalParam ) SB_M { InternalVariableStmt ; InternalVariableStmt ,REDUCE,InternalVariableStmt->int id
157,0 3 5 7 11 15 17 21 25 29 31 35 31 35 ,# StmtLoop int id FunctionBegin ( FormalParam ) SB_M { InternalVariableStmt ; InternalVariableStmt ; ,SHIFT
158,0 3 5 7 11 15 17 21 25 29 31 35 31 35 32 ,# StmtLoop int id FunctionBegin ( FormalParam ) SB_M { InternalVariableStmt ; InternalVariableStmt ; int ,SHIFT
159,0 3 5 7 11 15 17 21 25 29 31 35 31 35 32 36 ,# StmtLoop int id FunctionBegin ( FormalParam ) SB_M { InternalVariableStmt ; InternalVariableStmt ; int id ,SHIFT
160,0 3 5 7 11 15 17 21 25 29 31 35 31 35 31 ,# StmtLoop int id FunctionBegin ( FormalParam ) SB_M { InternalVariableStmt ; InternalVariableStmt ; InternalVariableStmt ,REDUCE,InternalVariableStmt->int id
161,0 3 5 7 11 15 17 21 25 29 31 35 31 35 31 35 ,# StmtLoop int id FunctionBegin ( FormalParam ) SB_M { InternalVariableStmt ; InternalVariableStmt ; InternalVariableStmt ; ,SHIFT
162,0 3 5 7 11 15 17 21 25 29 31 35 31 35 31 35 47 ,# StmtLoop int id FunctionBegin ( FormalParam ) SB_M { InternalVariableStmt ; InternalVariableStmt ; InternalVariableStmt ; InternalStmt ,REDUCE,InternalStmt->$
163,0 3 5 7 11 15 17 21 25 29 31 35 31 35 47 ,# StmtLoop int id FunctionBegin ( FormalParam ) SB_M { InternalVariableStmt ; InternalVariableStmt ; InternalStmt ,REDUCE,InternalStmt->InternalVariableStmt ; InternalStmt
164,0 3 5 7 11 15 17 21 25 29 31 35 47 ,# StmtLoop int id FunctionBegin ( FormalParam ) SB_M { InternalVariableStmt ; InternalStmt ,REDUCE,InternalStmt->InternalVariableStmt ; InternalStmt
165,0 3 5 7 11 15 17 21 25 29 30 ,# StmtLoop int id FunctionBegin ( FormalParam ) SB_M { InternalStmt ,REDUCE,InternalStmt->InternalVariableStmt ; InternalStmt
166,0 3 5 7 11 15 17 21 25 29 30 34 ,# StmtLoop int id FunctionBegin ( FormalParam ) SB_M { InternalStmt SentenceLoop ,REDUCE,SentenceLoop->$
167,0 3 5 7 11 15 17 21 25 29 30 34 43 ,# StmtLoop int id FunctionBegin ( FormalParam ) SB_M { InternalStmt SentenceLoop id ,SHIFT
168,0 3 5 7 11 15 17 21 25 29 30 34 43 48 ,# StmtLoop int id FunctionBegin ( FormalParam ) SB_M { InternalStmt SentenceLoop id = ,SHIFT
169,0 3 5 7 11 15 17 21 25 29 30 34 43 48 51 ,# StmtLoop int id FunctionBegin ( FormalParam ) SB_M { InternalStmt SentenceLoop id = AddExpressionLoop ,REDUCE,AddExpressionLoop->$
170,0 3 5 7 11 15 17 21 25 29 30 34 43 48 51 57 ,# StmtLoop int id FunctionBegin ( FormalParam ) SB_M { InternalStmt SentenceLoop id = AddExpressionLoop ItemLoop ,REDUCE,ItemLoop->$
171,0 3 5 7 11 15 17 21 25 29 30 34 43 48 51 57 70 ,# StmtLoop int id FunctionBegin ( FormalParam ) SB_M { InternalStmt SentenceLoop id = AddExpressionLoop ItemLoop FactorLoop ,REDUCE,FactorLoop->$
172,0 3 5 7 11 15 17 21 25 29 30 34 43 48 51 57 70 81 ,# StmtLoop int id FunctionBegin ( FormalParam ) SB_M { InternalStmt SentenceLoop id = AddExpressionLoop ItemLoop FactorLoop const_int ,SHIFT
173,0 3 5 7 11 15 17 21 25 29 30 34 43 48 51 57 70 78 ,# StmtLoop int id FunctionBegin ( FormalParam ) SB_M { InternalStmt SentenceLoop id = AddExpressionLoop ItemLoop FactorLoop ConstValue ,REDUCE,ConstValue->const_int
174,0 3 5 7 11 15 17 21 25 29 30 34 43 48 51 57 70 77 ,# StmtLoop int id FunctionBegin ( FormalParam ) SB_M { InternalStmt SentenceLoop id = AddExpressionLoop ItemLoop FactorLoop Factor ,REDUCE,Factor->ConstValue
175,0 3 5 7 11 15 17 21 25 29 30 34 43 48 51 57 69 ,# StmtLoop int id FunctionBegin ( FormalParam ) SB_M { InternalStmt SentenceLoop id = AddExpressionLoop ItemLoop Item ,REDUCE,Item->FactorLoop Factor
176,0 3 5 7 11 15 17 21 25 29 30 34 43 48 51 56 ,# StmtLoop int id FunctionBegin ( FormalParam ) SB_M { InternalStmt SentenceLoop id = AddExpressionLoop AddExpression ,REDUCE,AddExpression->ItemLoop Item
177,0 3 5 7 11 15 17 21 25 29 30 34 43 48 54 ,# StmtLoop int id FunctionBegin ( FormalParam ) SB_M { InternalStmt SentenceLoop id = Expression ,REDUCE,Expression->AddExpressionLoop AddExpression
178,0 3 5 7 11 15 17 21 25 29 30 34 43 48 54 61 ,# StmtLoop int id FunctionBegin ( FormalParam ) SB_M { InternalStmt SentenceLoop id = Expression ; ,SHIFT
179,0 3 5 7 11 15 17 21 25 29 30 34 42 ,# StmtLoop int id FunctionBegin ( FormalParam ) SB_M { InternalStmt SentenceLoop AssignSentence ,REDUCE,AssignSentence->id = Expression ;
180,0 3 5 7 11 15 17 21 25 29 30 34 38 ,# StmtLoop int id FunctionBegin ( FormalParam ) SB_M { InternalStmt SentenceLoop Sentence ,REDUCE,Sentence->AssignSentence
181,0 3 5 7 11 15 17 21 25 29 30 34 ,# StmtLoop int id FunctionBegin ( FormalParam ) SB_M { InternalStmt SentenceLoop ,REDUCE,SentenceLoop->SentenceLoop Sentence
182,0 3 5 7 11 15 17 21 25 29 30 34 43 ,# StmtLoop int id FunctionBegin ( FormalParam ) SB_M { InternalStmt SentenceLoop id ,SHIFT
183,0 3 5 7 11 15 17 21 25 29 30 34 43 48 ,# StmtLoop int id FunctionBegin ( FormalParam ) SB_M { InternalStmt SentenceLoop id = ,SHIFT
184,0 3 5 7 11 15 17 21 25 29 30 34 43 48 51 ,# StmtLoop int id FunctionBegin ( FormalParam ) SB_M { InternalStmt SentenceLoop id = AddExpressionLoop ,REDUCE,AddExpressionLoop->$
185,0 3 5 7 11 15 17 21 25 29 30 34 43 48 51 57 ,# StmtLoop int id FunctionBegin ( FormalParam ) SB_M { InternalStmt SentenceLoop id = AddExpressionLoop ItemLoop ,REDUCE,ItemLoop->$
186,0 3 5 7 11 15 17 21 25 29 30 34 43 48 51 57 70 ,# StmtLoop int id FunctionBegin ( FormalParam ) SB_M { InternalStmt SentenceLoop id = AddExpressionLoop ItemLoop FactorLoop ,REDUCE,FactorLoop->$
187,0 3 5 7 11 15 17 21 25 29 30 34 43 48 51 57 70 80 ,# StmtLoop int id FunctionBegin ( FormalParam ) SB_M { InternalStmt SentenceLoop id = AddExpressionLoop ItemLoop FactorLoop id ,SHIFT
188,0 3 5 7 11 15 17 21 25 29 30 34 43 48 51 57 70 80 91 ,# StmtLoop int id FunctionBegin ( FormalParam ) SB_M { InternalStmt SentenceLoop id = AddExpressionLoop ItemLoop FactorLoop id ( ,SHIFT
